reference_token,misrecognized_as,count_before_correction,count_after_correction
-,⁇,61,61
ख:,⁇,14,14
"मचा,",⁇,13,13
ला,ला?,12,12
/,⁇,11,11
छ्य्लातगु,लातगु,8,8
खॅँयू,ँयू,6,6
गबय्त,त,5,5
थें”,⁇,5,5
खः,खः?,5,5
न॑,नं,5,5
नं,न॑,5,5
देय्या,या,5,5
छुं,छु,5,5
हुँ”,⁇,4,4
जि,जिं,4,4
"दाजु,",⁇,4,4
छगू,छगु,4,4
खः,खः।,4,4
दु,दु?,4,4
जुइ,जु,4,4
लॅयू,यू,3,3
"सिंपु,",⁇,3,3
वये”,⁇,3,3
वः,वः।,3,3
क्वातिइ,क्वाति,3,3
"भृति,",सिंपु,3,3
जित:,⁇,3,3
खाःया,खाया,3,3
“छु,धासेंलि“छु,3,3
लाकां,लाका,3,3
व,वः,3,3
धासेंलि,⁇,3,3
खिचां,खिचा,3,3
तप्लि,लि,3,3
मैंचा,मैंचां,3,3
थाइ,धाइ,3,3
जितः,जित,3,3
कुन्ह॒,⁇,3,3
ला”,⁇,3,3
"धाः,",⁇,3,3
मैंचां,मैंचां“जि,3,3
जिं,जि,3,3
आख:,⁇,3,3
‘कार्ड’,⁇,3,3
खंवा”,खंवा,3,3
ख्याः,खाः,2,2
मज्वी।”,⁇,2,2
नॅयागु,यागु,2,2
"हिमाल,",⁇,2,2
मखु”,⁇,2,2
जुनाः,जुनाः“मांया,2,2
तःकेहेँ,तके,2,2
नं,न,2,2
मरू,मरु,2,2
व,वं,2,2
"धिमय्,",धग्नक,2,2
"जोरनगड़ा,",⁇,2,2
हानं,हानं“खँ,2,2
तसकं,तसक,2,2
खिचा,खिचां,2,2
"मगःखिं,",⁇,2,2
छें,चैं,2,2
जे,चैं,2,2
धका,धकाः,2,2
लहु,लदु,2,2
छेंय्,छेंय,2,2
कंलाय्”,⁇,2,2
धूं,धुं,2,2
च्चन,च्वन,2,2
खॅँयात,ँयात,2,2
ययाः,यया,2,2
निम्ह,निम्हं,2,2
निम्हं,निम्ह,2,2
"पाश्चेमा,",जोरनगड़ा,2,2
"कासिबमज,",द,2,2
कॅयूभु,यूभु,2,2
नं,नां,2,2
बॅयू,यू,2,2
ब्यूग॒,⁇,2,2
थं,थः,2,2
द॒थुइ,थुइ,2,2
चाःहिइकिइ,चाहिइकिइ,2,2
"जात्रा,",⁇,2,2
"धग्नक,",⁇,2,2
कुमारिं,कुमारि,2,2
म्ह्याय्यात,म्ह्याय्यात“पुनखुं,2,2
गाः,रगा,2,2
राम’,⁇,2,2
शाल,शालया,2,2
च्वीं”,⁇,2,2
"खः,",⁇,2,2
‘प्याहां,हुँ,2,2
तस्क,तसकं,2,2
‘राम,राम,2,2
नाप,नापं,2,2
देय॒या,या,2,2
वनाः,वना,2,2
खः,ख,2,2
भेरवयागु,भेरयागु,2,0
च्चनिइ,च्वनिइ,2,2
भाय्यात,यात,2,2
खँ,खः,2,2
थाय्या,या,2,2
मखु,मखु।,2,2
हेंगवालं,हेंगवालं“दय्!,2,2
बाःयात,बायात,2,2
गनयूद्यः,गनयूग,2,2
व,नं,2,2
अंग्रेजी:,⁇,2,2
सिमाय,सिमाय्,2,2
मोहनि,मुहनि,2,2
ला!”,⁇,2,2
दु।,दु,2,2
"चाइ,",⁇,2,2
"कवंचाखिं,",⁇,2,2
भालु,भलु,2,2
माः,मा,2,2
चैं,थें,2,2
गांया,गाया,2,2
मखुथे,मखुसें,2,2
हुँ।”,⁇,2,2
जुल।,जुल,2,2
द॒,⁇,2,2
स्वयाः,स्वया,2,2
वया,वयाः,2,2
हुँ’,⁇,2,2
"द,",⁇,2,2
वयाः,वयाः“छु,2,2
फै,फै?,2,2
नां,नं,2,2
ह्यॉउसे,ह्याॉँउसे,2,2
खः,खं,2,2
_,⁇,2,2
"तःमां,",⁇,2,2
“दय्!”,⁇,2,2
"दम्वःखिं,",कवंचाखिं,2,2
छु,छुं,2,2
सालिय,सालिइ,2,2
जुइ”,⁇,2,2
धाःगु!”,⁇,2,2
जित:,जित,2,2
"पपू,",⁇,2,2
दु,दु।,2,2
यकव,यक्व,2,2
(वयात),⁇,2,2
खंवा”,⁇,2,2
यॅयू,यू,2,2
जूगु,जुगु,1,1
करुवाय्,करुवा,1,1
व,लख,1,1
न्हिपं,लिपं,1,1
वसः,वस,1,1
आ:,⁇,1,1
गुबहि,गुबइ,1,1
स्तिलया,स्टलया,1,1
मनूत,मनरूत,1,1
धयाछ्वत,छछ्वत,1,1
अप्वःसिया,अपसिया,1,1
भो,ो,1,1
यंकादिसँ,यंकादिसँ।,1,0
"धाल,",⁇,1,1
हे..”,⁇,1,1
काण्डं,रृेोइदेया,1,1
लि,जि,1,1
भिक्षुणी,व,1,1
बातचाय,ये,1,1
लय्,लयत?,1,1
सुथ।,सुथ,1,1
बिसिउँ,बिस्युं,1,1
क्यबयू,बयू,1,1
चैं,कयात,1,1
प्याखं,प्यखं,1,1
ग्वः,ग्वाः,1,1
मदु,द,1,1
चरणकमल,मल,1,1
नाप,नापलाइ,1,1
कुन्हु,ध्वंच्वलेचायागु,1,1
धयाः,धया,1,1
छययं,स्या,1,1
बेश्या?”,⁇,1,1
य:,⁇,1,1
हाय्सतायग,ग,1,1
प्रस्तुति,अस्थदि,1,1
दय्कः,कः,1,1
द्वां,द्वहां,1,1
"कुसि,",य्,1,1
पासायात,पासायात“व,1,1
छचाखेलं,छचाखिल,1,1
सिं,सि,1,1
माल,मलाः,1,1
छ्यं,छ्यः,1,1
बिसिहुँ।,बिस्युउँ,1,0
ख्बइ,ख्वइ,1,1
मखु,मखुव,1,1
खः,धः,1,1
स्यनामिं,स्यनामि,1,1
छ्य,छ,1,1
सुयागुं,सुयागु,1,1
दमकलं,दमकल,1,1
म्हयात,न्ह्यायेमत,1,1
बिइख,जु,1,1
पानावंगु!”,⁇,1,1
पपू,पपु,1,1
भ॒,⁇,1,1
वनेत्यना,वनेत्यना?,1,1
झीगु,जिगु,1,1
नकूगुलिं,ल्ययलय्,1,0
छपु,छपू,1,1
स्वनिग:यागू,यागू,1,1
‘सु,सु,1,1
चिग्वः,चिक,1,1
मांम्हेस्या,मांम्हेस्या“म्ह्माय्,1,1
न्ववाइ,न्वाइ,1,1
नं,द्यन,1,1
घासा,धासा,1,1
भाजनय्,भजनाय्,1,0
बइ,वइ,1,1
ख्वाउँथाय्,थाय्,1,1
त्रकय्,तकाय,1,1
मनुत,मनूत,1,1
भारतया,भारतीया,1,1
कापःयागु,यग्,1,1
याये,या,1,1
ढकि,धकि,1,1
खँ',⁇,1,1
यचुगु,हेचुगु,1,0
धम्मयात,धम्मया,1,1
अयु,अयो,1,1
स्यनिइ,सइम,1,1
केहॅँयात,ँयात,1,1
समुद्रय्,सुंग्रलय्,1,1
इमि,इमिसं,1,1
न्यान,चोवलेे,1,1
“व,हेरामाः,1,1
"जुइ,",जुइ,1,1
यःमारिइ,यःमरि,1,1
पुन्हिया,पुन्हि्,1,1
सनेमखु,मखु,1,1
द्यः,प्यःखँखूं,1,0
थाये,थेय,1,1
छॅँ,छयलिया,1,1
थाल,तल,1,1
चीधिकः,छेंधिक,1,0
छथनय्,छतनाय्,1,0
शक्तिचले,चले,1,1
पेपुन्यःगु,पेपुनेयंगु,1,1
आः,असुर,1,1
आःसर्वथय्,आःसर्वय्,1,0
य॒,⁇,1,1
भुलूखा,ला,1,1
छगु,छगो,1,1
वुंगद्यः,मंगः,1,1
राज्य,र्य,1,1
जि,जिम्ह,1,1
पूपूगु,सत्पुगु,1,1
तसर्क,सरका,1,1
भिक्षु,बिसुं,1,1
वन,वनाः,1,1
सँदेय्या,या,1,1
कथंया,कथाया,1,1
फुक्क,फुक्कखँ,1,0
बांलाः,बालाः,1,1
हाः,हा,1,1
हाकुम्ह,हाकुम्ं,1,0
ऎयारवाडी,यारवाडी,1,0
ल्ह्वयाबीगु,ल्ह्वयाबिगु,1,0
इमिसं,इमिसं“अय्,1,1
छ्य्लातगु,छ्येलातगु,1,1
छन्हु,छ्यजपिनि,1,1
म्वः,म्वये,1,1
लाखेलसिंया,लाखेलसिंना,1,1
आपाः।,आपा।,1,1
छन्त”,⁇,1,1
चायेकफ,फः,1,1
व,गवंगः,1,1
ल्वायमते,ल्यायेमते,1,0
कन्हेखुनु,कन्हेखुन्हु,1,0
चाना,चना,1,1
नये,ने,1,1
बुंगद्यः,बुंगद्यःसालय्,1,0
लउका,लउकामा,1,1
धाःब्यु,द,1,1
तल।,तल,1,1
ओः,ग्रिद,1,1
बिउवा”,⁇,1,1
वनाच्चन,वनाच्वन,1,1
लाखेलसिं!,लाखेलसिं,1,1
शक्तिवानम्ह,वंम्ह,1,1
नवौं,शताब्दी,1,1
अति,हारसये,1,1
पर्वतिय,पर्वतयाः,1,0
धर्मकर्म,कर्म,1,1
थथ्य,बन्ध,1,1
पाःगु,पागु,1,1
थ्व,थूौं,1,1
खँ,खं,1,1
वें,चैं,1,1
दुने,दुनि,1,1
मांम,माम,1,1
"धिमय्,",धाः,1,1
धाइ?”,⁇,1,1
कयाः,क्वयान,1,1
छम्ह,छमय्,1,1
स्वये,स्वयेबलय्,1,1
“योथाय्,हूँ,1,1
फागुन,थाःगुन,1,1
मंदः,मतः,1,1
च्वंगु,हलाच्वंगु,1,1
नं,नं“मह्रि,1,1
जियन्तिं,अन्तिं,1,1
गुँ,िमालय्,1,1
बले,बलय्,1,1
थ्व!,थ्व,1,1
फुरर,फुररर,1,1
"धॅय्,",⁇,1,1
यायगु’,⁇,1,1
यचुका,चु,1,1
खःमुलिइ,खःमुलिं,1,0
"नायूखिं,",नायूकिं,1,1
बत्तिं,चैं,1,1
दुने,सकलें,1,1
म्हुकनं,म्हुकन,1,1
कुम्भाण्डाः,गरु,1,1
तिभि,तिभिं,1,1
तालां,ताला,1,1
दक्षिणय्,दक्षिणय,1,1
लुँयागु,लुयागु,1,1
झिंस्व,चिसं,1,1
देय्यागु,यागु,1,1
त्वँसाय्,त्वयेसाः,1,0
ब्वॉये,बवाय्,1,1
सेवा,स्यवा,1,1
वंपिं,वपिं,1,1
हे,हः,1,1
कतांमरि,कतांमरिया,1,1
कॅयूया,यूया,1,1
थ्वया,थवयाः,1,1
छँ,छेदयेका,1,0
महाजन,महाजम,1,1
उकी,उकि,1,1
दमकल,रमकल,1,1
ज्बजलपा,ज्वजलपा,1,1
स्व”,⁇,1,1
ला?,ला?!,1,1
भगः,पपुचलय्,1,1
काः,कवा,1,1
“गुलि,गुलि,1,1
प्रग,रखथें,1,1
ब्वये,न॑,1,1
माः,मांपवालाप्वला,1,1
नकाः,नका,1,1
ईटानगरख,ख,1,1
खनेदत,दत,1,1
न्हयकू,न्ह्यकु,1,1
क्वेंस,वाः,1,1
ए.,यदु,1,1
क्वँय्,गुकोवय्,1,0
वाः,व,1,1
तग्वः,तःगु,1,1
ठमेल,थमिल,1,1
बुगद्यः,बुंगद्यः,1,1
ख्वख्वं,ख्वं,1,1
के,न्ह्यके,1,1
सःगु,स्यना,1,1
देवाः,देवा,1,1
हाकु,च्वामु,1,1
थें,चुवल,1,1
ब्युहू,लाःये,1,1
मिसातयेगु,खलक,1,1
“छु,ज्वनाः,1,1
तुति,तुतिसंकि,1,0
तमिलनाडुया,नाडुया,1,1
लाकूगु,लायकेगु,1,1
खःमू,मखु,1,1
सयेकेगु”,⁇,1,1
लाखेलसिंतेसं,लाखेलसिंतेसं“खी,1,1
मेवा,मेवाः,1,1
अन,जसा,1,1
छकू,छुं,1,1
बाहां,बाहा,1,1
पाइमखु,मखु,1,1
जि,बाहय्,1,1
प॒त,त,1,1
झी,जि,1,1
पत्याः,बुत्या,1,1
मिस्टर”,⁇,1,1
च्वनाः,महपुजा,1,1
मदयेकू,मदयकू,1,1
विस्तारं,बिस्तार,1,1
धका,गगा,1,1
नाइनास्ति,नाइनास्तति,1,0
जाकि,वल,1,1
लिपा,रुग,1,1
हेंग्वाः,हेंगा,1,1
ई,िइ,1,1
खुसिं,िकोुसि,1,1
यकव,यक्,1,1
जुयाच्वंम्हेस्त,पाड,1,1
जुयाः,ज्या,1,1
धाः,धां,1,1
उकीसणं,उकिसनं,1,1
म्याउम्याउ,म्य,1,1
थीथी,थिथी,1,1
खःम्,वमा,1,1
हस्,तस्,1,1
नित्यनारायणं,नित्यनारायण,1,1
तुयुसे,त्वयुसे,1,0
धं,धुं,1,1
ब्वन,ब्वनः,1,1
यःमारि,यःमरि,1,1
जि?”,⁇,1,1
द्यंनकि,दनकि,1,1
भाचा,ाचा,1,1
बांलाक,बालाक,1,1
थःथवय्,थय्,1,1
सर॑,बल,1,1
शरिरयात,सरिरयात,1,1
नत्वीवं,व,1,1
दना:लिहाॉँ,लिइ,1,1
यायेमाल।,येमाल,1,1
श्व,स्व,1,1
घलय्,गलय्,1,1
'चान्स',चान्नस,1,1
कन्हे,कन्हय्खुन्हु,1,0
स्वःवंबलय्,भाय्,1,1
तिसां,तिसा,1,1
गुगु,वु,1,1
थें,चाहिलाचें,1,1
हे”,⁇,1,1
जिं,छ्वया,1,1
बस,भस,1,1
खेँयूबां,खेयूकाा,1,1
द्इ,इ,1,1
छययं,छयं,1,1
थ्व,थुत,1,1
बुद्धिदाजु?,बुद्धिदाजु!,1,1
तया,जकसिन्हः,1,0
अजुगति,अजुभती,1,0
अं,अ,1,1
सेनायागु,सिनायागु,1,0
हालाहल,हल,1,1
भुवादुगु,भुवादु,1,1
बौम्ह,बौमला,1,1
क्वः”,⁇,1,1
ल॑,लः,1,1
जल,जः,1,1
स्वासप्रस्वासयागु,प्रशासियागु,1,1
व,क्वछि,1,1
गयेत,गइत,1,1
दयकिइ,दयूकिइ,1,1
ग्यानाः,ग्याना,1,1
नकिइ,नकि,1,1
विनय,बिनया,1,1
जये,जय्ेया,1,0
खनेदु,दु,1,1
अस्तित्त्व,अस्तित्व,1,1
चैं,च्वनि,1,1
स्वयेफुम्ह,फुम्ह,1,1
चिइ,जुइ,1,1
मिले,मिलय्जुम्ह,1,0
कासा,कासां,1,1
धयाः!”,स्वाहानेँ,1,1
आः,आःछि,1,1
नेवा:,⁇,1,1
तःग्वः,तखं,1,1
माम,मामं,1,1
गुँया,गुयाः,1,1
च्बंगु,च्वंगु,1,1
माःगु”,⁇,1,1
संसारय्?”,⁇,1,1
ब्वनामि,बनामि,1,1
थुबलय्,थुबले,1,1
झMनजक,नजक,1,1
वयात,वता,1,1
जीमूतवाहन,जिमूतवाहन्,1,0
थुकिइ,थुकि,1,1
नाउरुमितयेगु,वंससं,1,1
गबलें,गबलें“उगु,1,1
स्वस्थ,सस्त,1,1
मलया,ले,1,1
बिबाहलागि,य,1,1
बी,बिं,1,1
इमिसां,इमिसं,1,1
छि,राजकुमारी,1,1
मालीगु,मालिू,1,1
उद्धार,उधार,1,1
छम्ह,च्वम्ह,1,1
भचा,ब्वने,1,1
-,“,1,1
च्वापुर्गुंइ,च्वापुर्गु,1,1
नियम,नियं,1,1
अनागारिकातेसं,टेसं,1,1
बबनेकृथिइ,बवनेकृथिइ,1,1
फ्यने”,⁇,1,1
थायूथासय्,थासय्,1,1
छुइ,छँइ,1,1
चिन्त,नांचिन्तकयाच्वने,1,0
अभद्र,गुत्र,1,1
जके,चें,1,1
नं,ज्याये,1,1
केहेँ,कहे,1,1
ज्य,ज्यः,1,1
चायेकेमते,मते,1,1
थ्यंकः,वने,1,1
जिं,जिथगु,1,1
खाता,ात,1,1
ज्वना,जनंा,1,1
शङ्ख,क,1,1
पिइ,पि,1,1
ठ,ख,1,1
एक्स्क्लुसिभ,यक्कुसिबईकण,1,1
वादविवाद,बाडुयात,1,1
लखं,न्ह्याइगु,1,1
अले,सले,1,1
थ्व,थ्वय्,1,1
मिसां,मिसां“व,1,1
यइपुल,ह्यइपुल,1,0
स्वकु,स्कु,1,1
यक्को,क्को,1,1
झी,झि,1,1
नःगु,नंगु,1,1
छेँजःपिं,क,1,1
ख्वपय्,ोपय्,1,1
लार्,छकु,1,1
घौपलख,खः,1,1
‘जितः,जितः,1,1
लया,लः,1,1
वइगु,वेगु,1,1
नं,यक्व,1,1
न्यने,य्यनेग,1,1
स,सतरिक,1,1
मखु,मखु!,1,1
काय्,काय,1,1
ब्रिद्धास्रमेटें,चें,1,1
च्वय्,च्वय्वायासँ,1,0
मिसामचा,मचा,1,1
थुकिया,इिया,1,1
उपासिकापिन्त,पासिकेपिन्ततेंतत्तिं,1,1
थन्या:गु,थन्याःगु,1,1
जायेव,जायव,1,1
हर्ष,हार्स,1,1
ला,न्॑,1,1
वाब्वय्,वये,1,1
साःगृ,साःगु,1,1
म्हितिइ,महितिइ,1,1
“डिरि,डिरि,1,1
"मिसा,",मिसामेजं,1,1
ला?”,⁇,1,1
वय्कःयात,कःयात,1,1
जवंखवं,खम,1,1
खिचात,खिचा,1,1
फलय्चाय्,फल्चाय्,1,1
साउथ,सागद,1,1
भति,कुसया,1,1
मलमास,पफलमासे,1,1
नया,नइ,1,1
वला,वाला,1,1
अथेंते,अथेन्त,1,1
बु,बदे!,1,1
कथं,कर्थं,1,1
बिचा,बिचाः,1,1
"सिउ,",⁇,1,1
ल,मखंला,1,1
व,आानागारिीका,1,1
“अय्,मैं!,1,1
सात्यते,सत्यचैे,1,1
इलय्,इलेबिलय्,1,0
म्वत,मत,1,1
भ:चाभ:चा,चा,1,1
स्यनामिं,स्यनामििया,1,0
आशिर्वाद,आशसिवाद,1,1
लात,ताल,1,1
निर्माण,निर्वाण,1,1
स्याःगु,सयाःगु,1,1
राजधानी,नगर,1,1
यंकी,यंकि,1,1
जुइ,जि,1,1
सम्बत,संवत,1,1
ज्वनाः,ज्वना,1,1
लन,यानादिसं।,1,1
ज्वी’,⁇,1,1
सिले,सिनेमाः,1,1
अने-नेगु,नेगु,1,1
क्वः,तिवा,1,1
जय्गायेव,जयेकााय्व,1,0
लाकां,लाकांम्ं,1,1
जंगलय्,जंगालय्,1,1
भयाः,भया,1,1
प्रद,प्रदा,1,1
भ:चा,चा,1,1
प्रकार,प्रगाग,1,1
रेदियो,रेदियों,1,1
सनीम्ह,खः,1,1
क्वचायेकिइ,क्यचयेकिइ,1,0
ज्वंगु,ज्वःगु,1,1
चैं,चै,1,1
बलय्,बलय्ू,1,1
पसः,बसः,1,1
हुंकनंनिसें,हुंनंनिसें,1,0
फ़ल,फल,1,1
हालाः,हालावल,1,1
छपे,छपेथुया,1,0
ल्हुइ,नमं,1,1
छेंय्,छें,1,1
ब्यायाय,याये,1,1
धन्ना,धन्न,1,1
मांबौयात),⁇,1,1
उकिइ,उकि,1,1
ज्यायात,जुायाेतु,1,1
दयेकिइ,दययेकिइ,1,1
छलप्वलपिन्ता,छलपवलपिन्ता,1,0
भुतृमालि,भुतमालि,1,1
"गुं,",⁇,1,1
कन्हय्,क,1,1
संस्कृति,संस्कृ,1,1
जीमूतवाहनत,जीमूतवाहन्त,1,0
ब्यागलं,ब्यंगलवस्ता,1,1
मामं,मा,1,1
थुके,थखेथें,1,0
जिमि,जिम,1,1
गाय्,नगरे,1,1
त्व:ता,ता,1,1
आगंमय्,आगमय्,1,1
अनं,अमं,1,1
“हइ!”,है,1,1
दुखिं,दुिं,1,1
लिपिपाखें,वं,1,1
च्वज्याय्,छ्वज्या,1,0
न्ह्याकल,न्यांकल,1,1
घचाना,कचानं,1,1
ईनं,अइनं,1,1
फुक,फु्कं,1,1
मोबाइलय्,मोवाइलय,1,1
पासपिं,पसपिं,1,1
दयोकिइ,दयेकिइ,1,1
भारतया,भारतीय,1,1
१०६८,१०।,1,1
इहिपाः,या,1,1
थन,थ्न्,1,1
उखे,उखें,1,1
खः,ः,1,1
इमिसं,मैं,1,1
भजिन,नं,1,1
निग,मेगंः,1,1
हां,हँ,1,1
पंयागु,पंगागु,1,0
दक्वसिबय्,धकवसिया,1,1
राज्कुमार,राजकुमार,1,1
घ्यः,्यव,1,1
"सिन्हः,",⁇,1,1
कुबिचार्यात।,यात।,1,1
बी,ब,1,1
‘बोट’,⁇,1,1
प्वकिजा,प्वःकिचा,1,0
मलयानं,नं,1,1
ग्याग्यां,ग्याग्याः,1,0
जिमिसां,जिमिसं,1,1
नये,ज्य,1,1
माकलं,माकनं,1,1
यानाः,यानाः।,1,1
गḑहीपिं,हीपिं,1,1
हनिचा,हनिजा,1,1
‘म्युनिसिप्यालिटीयात,थत्त्य,1,1
लोकं,ल्वकं,1,1
प्यम्ह,यहं,1,1
कॅयू,यू,1,1
तमिलनाडुया,तमिलाडुया,1,1
ग्यायेम्वाः!”,⁇,1,1
लिबायेधुंकल।,लिभायधुंकल,1,0
ताहाकःगु,ईरिजन्तल,1,1
न्ह्याबलें,न्ह्याबलयं,1,0
यायेमाली”,⁇,1,1
शव॒,⁇,1,1
राज्य,राज्यया,1,1
"तेबुल,",तेबुल,1,1
वइ,वयतासं,1,1
यंक,यउकं,1,1
ज्वजलपा,ज्वजलपाकाकि,1,0
धयेकि,देकि,1,1
सुद्यैः,सुधइ,1,1
जू,जु,1,1
नापला,नापालां,1,1
जःला,खँ,1,1
लॅय्,य्,1,1
ब्यां,ब्याह,1,1
द्योने,द्यने,1,1
पून्यप्रसाद?”,पून्यप्रसाद?,1,1
खॅयूया,यूया,1,1
तयेजिउ,तयज्यू,1,1
द्यः,दः,1,1
प्राचीन,प्राचीनवित्र,1,0
च्वंच्वँ।”,⁇,1,1
हे,हे“खँ,1,1
पुनेमाः,माः,1,1
मिइ,मि,1,1
हा,हाः,1,1
ज्यासनिइ,सनिइ,1,1
नुगः,ना,1,1
गुरुपिंत,पिन्त,1,1
जिगु,जिगुखाताय्,1,1
च्वनिमा,च्वनेमाः,1,1
म्हिते,जिइ,1,1
धालाःसा,ध,1,1
यंके,याके,1,1
मेया,मिया,1,1
म्वाः,माः,1,1
मालयायय्,मालयाय्,1,1
न्हम्ह,न्ह्यमं,1,1
हाकन॑,हाकनं,1,1
मांम्ह,माम्हं,1,1
तसक॑,तसकं,1,1
अन,अनाः,1,1
ब्वनेकुथिइ,ब्वनेकुथि,1,1
जिके,के,1,1
काल,कन,1,1
हायेके,यायेके,1,1
भउ,भव,1,1
पाःफय्की,की,1,1
राजकुमारलिसे,लिसे,1,1
मफत,मंफत,1,1
गबलय्,खुकय्,1,1
क्यबय्,केबं,1,1
"धिमय्,",धिमय्,1,1
वनी,वनी?,1,1
थथ्य,वस्तु,1,1
बने,ब्वने,1,1
तरिका,तरिकाः,1,1
"मोति,",⁇,1,1
दथुइ,दथु,1,1
थॅजिपिसं,थजिपिसंतक,1,0
जिकेय्,छकिय्,1,1
पिकयाहल,पिकयेहल,1,0
ध्यबां,धिबा,1,1
चाहिल,चाहिलाःसु,1,1
सरसफाइ,सफाइ,1,1
कायेतः,कयेतः,1,1
अथे,आ,1,1
थुभनं,थुबन,1,1
मत्यो,मत्यू,1,1
ख्व,ख्वयुल,1,0
स्वांथल,सच्वांथल,1,0
छेँयू,छँयू,1,1
मुंकातःगु,मुकातःगु,1,0
हायेके,हायके,1,1
ताःहाकःगु,ताःहाकु,1,0
नुगः,नुग,1,1
दयेकिइ,नयेकिइ,1,1
ख्वइच्वनागु”,⁇,1,1
ज॒इ,इ,1,1
खुसियाग,खुसीयाग,1,0
मते,मतेप्याहां,1,0
धोबजि,धोंबजि,1,0
न्ह्योनि,न्ह्योने,1,1
गबलें,गबलें“व,1,1
यायेदइगु,यादइगु,1,1
खे,खेय्,1,1
ज्ञानि,ग्यानिइ,1,1
पिइ,जिउ,1,1
द्यःयाथाय्,द्यःयाथय्,1,0
छलपोल,छलप्वलपिलेगु,1,0
पर्,पारपार,1,1
थःगु,घाताः,1,1
"जि,",⁇,1,1
लय्लय्तायाः,तायाः,1,1
याये,यायइ,1,1
कोयम्बत्तूर,्वेम्बयुट,1,1
प्राप्,भोपिया,1,1
ध्वंच्वलेचायागु,क्वय्ं,1,0
फय्,हइथसाह,1,0
द,दन,1,1
खानाः,खनाः,1,1
खुसिइ,खुसि,1,1
खाः,ख,1,1
मल्हाः,हलाः,1,1
सुहा,सवया,1,1
ला!’,⁇,1,1
ल्ह्वनेगु,ल्हवनेगु,1,1
"""ओनावेरो""",⁇,1,1
छं,संचवं,1,1
प्रसाद,त्बसाक,1,1
च्वकाय्,चकाये,1,1
-,ओहो,1,1
यायेगु,यागु,1,1
जीमूतवाहन,जीूतवाहन,1,0
उकथंया,अ्यु,1,1
ज्याथःजिथि,जिथि,1,1
ग्याना,टलसक,1,1
‘बोटं’,⁇,1,1
सास्ति,सासति,1,1
यलया,यलय्,1,1
अप्व,अप्वया,1,1
त्वकूगु,त्वकु,1,1
कलाःया,पसि,1,1
राज्यया,िता,1,1
कपं,खने,1,1
न्यानुइ,म्यानुइ,1,1
बालागु,सांलाःगु,1,0
वैत,वैतत,1,1
-,ु,1,1
वनां,वनाः,1,1
थे,जंगल,1,1
लालतिन,लाल्ति,1,1
इना,इनाबिइ,1,0
वइगु,वयेगु,1,1
साला,हयवलय्,1,0
आनन्दं,आनन्द,1,1
एरि,हते,1,1
हे,येये,1,1
आः,अ,1,1
आः,बिना,1,1
वयात,वया,1,1
थ्यंकेत,थंकेत,1,1
ख्वालय्,खाय्,1,1
बा..,बा.,1,1
अःखुंचां,खुंचा,1,1
यलया,हयलय्ा,1,1
मरेक,मदय्क,1,1
दु।,नयादइ।,1,0
च्वापुगेँ,च्वापुगे,1,1
चख,ख,1,1
यलया,यलःया,1,1
हत्यात,हत्या,1,1
छयनय्,अं,1,1
धेँलं,धयेलं,1,1
चान्हय्,चान्हे,1,1
म्हाःसा,ममाःसा,1,1
नखः,नखःबलय्,1,0
गुलि,गलि,1,1
ब्वने,ब्वनेमानि,1,0
ग्वारातुलु,ग्वलातुला,1,0
ननं,ननं“झी,1,1
खः,खःधःधौ,1,1
चैं,चिं,1,1
ताःहाकःगु,ताःहाकः,1,2
संसारय्,ओरा,1,1
अजिं,खजि,1,1
चलय्,चय्,1,1
नाप,लाना,1,1
मखंगु,कुलि,1,1
स,सं,1,1
ति,कति,1,1
नार्प,नाप,1,1
त्वाः,ववा,1,1
छिरंकल,धुंकल,1,1
दच्छि,दच्छियकं,1,0
_,जि,1,1
यचुके,यचु,1,1
मुखूस्वां,मुतुस्वां,1,0
केबय्,तेबय्,1,1
इमितः,द,1,1
ब्वाय,ब्वने,1,1
नं,फ्यमानुबिउम्ह,1,1
स्वय्,स्वये,1,1
चिप,िप,1,1
पर्सिम्वलय्,मलय्,1,1
मखुनि!”,⁇,1,1
थिइथिइ,थीथी,1,1
लैंसू,लिसु,1,1
खन,खनकि,1,1
अजिनाप,नाप,1,1
बँय्,भोसु,1,1
धो,थं,1,1
मह्वाःगु,वाःगु,1,1
सुइत,स्वइत,1,1
साः,न,1,1
तथाथकि,वन,1,1
घॉय्,धाा,1,1
पुखू,पुखुं,1,1
तःधिकः,तःधिक,1,1
ब्वयावइ,बइ,1,1
पुलेमाः,फुलेमाः,1,0
मात्रं,मात्र,1,1
नुगः,मछिन,1,1
ला,कलाया,1,1
द्,दु,1,1
तत्कनं,त्कनं,1,1
(बहुवचन),⁇,1,1
वनाच्वनेधुंकूम्ह,वं,1,1
नेये,नहेये,1,1
च्वयेगु,च्वनेइगु,1,0
लुम्,लुमं,1,1
ज्वी।’,जुवी!,1,1
बांलाःगु,दःलासा,1,1
न्हय्गू,न्हगु,1,1
जुसेंलि,जुसेंलि“द्यंवनेत्यल,1,1
दयेकिइपिं,दयेकेपि,1,1
मदये,मदयेधुंकल,1,1
अथेया,अथे,1,1
छैं,चैं,1,1
मिसातयूगु,मिसातःयूगु,1,0
लिसा,लिसःये,1,1
छन्ह,छन्हु,1,1
जक,जकवन,1,1
मस्तय्त,त,1,1
श्वयात,वयेत,1,1
तःखा,तखा,1,1
मगार्ताके,सनय,1,1
मालयायागु,यो,1,1
राज्य,राज्यशक्ति,1,1
वयाः,ब्वया,1,1
म्हिते,म्हते,1,1
प्रजपिन्तः,स्वये,1,1
खः,काा,1,1
क्वः,क्वःछिताः,1,0
ब्वइ,बोइ,1,1
जुजुं,जुजु,1,1
मालि,माले,1,1
त्याकसिं,त्यासि,1,1
कर्म,दयाच्वनि,1,1
घांघर,घागा,1,1
न्यनेकनि,कने,1,1
मचाचाबलय्,बलय्,1,1
बलय्,भहिलिपिलि,1,0
म्याहला,म्या,1,1
‘गोरखापत्र’,⁇,1,1
किसिं,किसिम,1,1
घाः,घाच्विइ,1,0
धंकल,धुंकल,1,1
पलपल,पलपलच्यात,1,0
अयूनं,अयू,1,1
क्यानादा,क्यानदा,1,1
थिके,थिकी,1,1
संकाः,सका,1,1
अंमा,अमा,1,1
नह्याइ,न्ह्याइ,1,1
विचार।,बिचार,1,1
ब्वनेकुथि,थ्यंकं,1,1
कच्यामच्या,मच्याः,1,1
"जुइ,",⁇,1,1
विद्या,या,1,1
स्वयाः,स्वयाः“वन्य,1,1
सः,सा,1,1
मा,गुलिमा,1,1
कॅयूयागु,यूयागु,1,1
की,कि,1,1
मांनं,मने,1,1
मांबौनं,मांबौ,1,1
भोत,बवच्याः,1,1
वाॉउसे,वॉँउसे,1,0
जक्क,तातःगु,1,1
मांव,माबाः,1,1
लापाच,लापाचा,1,1
नायावइ,वइ,1,1
मचाल,मछालाः,1,1
मयातकि,मदाना,1,1
मुक्त,जु,1,1
थायभु,थायू्भु,1,0
चायेकादिसँ,चायेकादिसँ।,1,0
तिछुँगलिइ,तििचिकलिंया,1,1
युद्धय्,यु्धय्,1,1
जितः,सित,1,1
ल्यू,ल्युन्यने,1,0
भयालय्,भयालये,1,1
थुकियात,थुकियातहुगु,1,1
फ्वखे,कफकाय,1,1
तःन्ह॒,⁇,1,1
एयरपोर्ट,कोत,1,1
च्वना,ज्वना,1,1
जुजुगुया,जुजुया,1,1
छय्,छँय,1,1
खॅयूया,खया,1,1
आः,छाःगुलि,1,1
त:,⁇,1,1
चाण्डालयत।”,⁇,1,1
बिस्युं,बिस्यूं,1,1
“छु,छुधागु,1,0
वनी।,वनि।,1,1
शङ्क,कदुने,1,1
थुनाथकूथाय्,थाय्,1,1
सिन्ह,सिन्हः,1,1
लित,लिता,1,1
देय्य्,य्,1,1
‘कूपन’,⁇,1,1
तक,नं,1,1
मज्य्,मज्यू,1,1
धाल।,धाल,1,1
ज्याः,ज्या,1,1
तसकं,तसकंय,1,1
चुइका,चुक,1,1
भुइसे,पृसे,1,1
थःनापं,नापं,1,1
ग्वन्हु,मं,1,1
ख्व,खवँ,1,1
हालाच्वन,हालाच्वन“हुंकन,1,1
व,विं,1,1
त्वने,यहे,1,1
उबलय्,उबय,1,1
रमेशं,रमेश,1,1
छगू,छू,1,1
बाखनं,नं,1,1
कय्म्ह,म्ह,1,1
पूर्वक,पूर्व,1,1
तया,तायाः,1,1
न्हाबले,न्ह्याबलय्,1,0
श्य,स्वये,1,1
छु,अन,1,1
अयू,वागु,1,1
नय,नये,1,1
लय-लयताःपिं,लयताःपिं,1,1
मुना:,⁇,1,1
मज्यू,म्ह,1,1
हां,हाः,1,1
थ्वगु,थगु,1,1
न्हिप्यं,न्हिया,1,1
खि,खिफाये,1,1
ग्वंगः,हाला,1,1
तिभि,बि,1,1
शक्तिवानम्ह,वा,1,1
म्वःल्हुयावये”,⁇,1,1
क्वखायातःगु,क्वखयेतयागु,1,0
चां,न,1,1
म्हकं,म्हुकं,1,1
"सिसाबुसा,",मरिचारि,1,1
म,कि,1,1
जिं,जिम,1,1
कुतिंन्यात”,⁇,1,1
नं,चैं,1,1
दयकइ।,दयकि!,1,1
लःखतयू,लःखतय्,1,1
मांखा,माखां,1,1
दइगु,दयगु,1,1
चाकलाःगु,दु,1,1
जन्त,जन्तपिन्त,1,0
सुमाल,रुल,1,1
ग्व,ग्वःलय्,1,0
बाःनं,वनं,1,1
सुं,सु,1,1
पोकिजा,प्वकिजा,1,1
पानातःगु,पानाताःगु,1,1
तुकिया,थुकिइया,1,0
च्वनाः,च्वनाः“म्हुतु,1,1
नेपालिं,निपालिं,1,1
हेंग्वाः,सल्लह,1,1
थ,थः,1,1
लःखतय्,लखतय्,1,1
म्यूबल,म्यूवल,1,1
वाःचाः,वाचा,1,1
अःपृ,अक्पः,1,1
पौ,पोयेलिसलले,1,1
भोचां,भोचिया,1,1
देकोता,देखुत,1,1
सँ,सं,1,1
हेरा,हेला,1,1
१०६८,कथां।,1,1
चमब्,चबब,1,1
वनेफु,फु,1,1
भोसूवन।,वन।,1,1
छकू,नं,1,1
दु:,⁇,1,1
सम्हेपि,समेपिं,1,1
खे,ख,1,1
छन्हुया,थनहुया,1,0
“हेरामाः,हेरामाः,1,1
माखापिखा,माखापिका,1,0
मचा,मचा“आयाबाबा,1,1
ट्विटरय्,ट्विटरय्?,1,1
योजना,योजुना,1,1
मचुल,मछुल,1,1
ग्वहालि,ग्बहालि,1,1
हिमालय,स्वाया,1,1
नकीपिं,नकिपिं,1,0
“आयाबाबा”,⁇,1,1
ल्याः,लय्,1,1
किरं”।,⁇।,1,1
निसें,निसे,1,1
बिसिउ,बिस्युं,1,1
ल्याखँ,ल्याखं,1,1
भ्याः,भ्या,1,1
दइ,दिइ,1,1
कया:,कया,1,1
ञ्यन,बन,1,1
गुँइ,बुँइ,1,1
सुकुभतु,सुकुभर्तु,1,1
गारीम्ह,उपकारेम्ह,1,0
वॉउचा,वाउचा,1,1
मनं,मनं“थथ्य,1,1
क्यनादीगु,क्यनादेगु,1,0
कोलोर्याडो,कोलरात,1,1
दइ”,⁇,1,1
खाताय्,वंलागु,1,1
कयाहयागु”,⁇,1,1
धयाथें,धयाथें“याकनं,1,1
याइबलय्,बलय्,1,1
ज्या,ज्याथें,1,1
च्वन।,च्वन,1,1
थ्व,चान्द्र,1,1
धयातःगु,ध्ययागु,1,0
याइम्हं,याइम्ह,1,1
ठीक्,छि,1,1
ञ्यायात,यातयात,1,1
खना,खनाः,1,1
थोंकन्हय्,बुंकन्हे,1,1
"बांलाः,",⁇,1,1
दथुइ,म,1,1
पासापिसं,पासापिं,1,1
न्ह्याइपुसे,न्ह्यइपुसे,1,1
यकव,यक्वतःग्वः,1,0
चिकुलां,चुकुलां,1,1
वयाता,व्वयात,1,1
खाताय्,ख्याताय्,1,1
ममः,मुमः,1,1
यानाछ्वत”,⁇,1,1
धकाः,धकाः..,1,1
महा,महारयान्,1,0
इमू,िमू,1,1
ख़ः,खः,1,1
थुयाः,थुयानं,1,1
सीम्ह,सिम,1,1
छभ्यगः,भ्यगदः,1,0
झिं,छिं,1,1
यासेंलि,यायसेंलि,1,1
थपाय्,थाय्,1,1
उ,व,1,1
छँय्,छाया,1,1
बांलात,बांलात।,1,0
छ,छं,1,1
केहेँनं,केहेँं,1,0
दाइ”,⁇,1,1
-,छाय्?,1,1
"जु,",⁇,1,1
हे,थगु,1,1
मखु,थेमख,1,1
थरथर,थर्थरखात,1,1
च्वया,छिथिच्वया,1,0
वसेम्लि,वसम्लि,1,1
घाय्,घाये,1,1
आश्रँ,आश्रम,1,1
मलाःनि,मलाःनी,1,1
"धाः,",धाः,1,1
खँयात,यात,1,1
हारांम्ह,हाराम,1,1
मवः,मब्यु?,1,1
अय्सां,अईसा,1,1
गाइगु,कााइगु,1,1
भुनात:गु,गु,1,1
थ्व,ोनि,1,1
धौबजि,दइ,1,1
मिइगु,निगु,1,1
सभाय,सुभाय्,1,1
छ्यें,छेंय्,1,1
शङ्ककिइ,च्वनिइ,1,1
सकलें,हे,1,1
ल्हापनं,लहाप,1,1
आपाःथें,थें,1,1
सीमा!”,सीमा,1,1
ब्वति,वन,1,1
विषय,बिसे,1,1
सदस्यतय,सदस्यतय्,1,1
मांबौ,मांबौनं,1,1
च्वं,च्व,1,1
हाकुसे,हकुसे,1,1
मेगु!”,⁇,1,1
पासां,पासां“खः,1,1
भ्यगतय्,खे,1,1
देगाः,दयेगा,1,1
धाल,धाल।,1,1
ब्येक्तयात,ब्यक्तयेत,1,0
गुंला,गुला,1,1
क्यहेंभत,केहेंत,1,1
च्वम्ह,च्वंम्ह,1,1
स्या,स्याह,1,1
"जिञि,",⁇,1,1
छि,सिलसिकिमाल,1,0
लिक,लहिकं,1,1
पापीं।,पापिं!,1,1
द्यो,द्योदन्न,1,0
वसः,वसः्,1,1
मतिइ,मति,1,1
हारां,हालां,1,1
खॅला,ला,1,1
व,त,1,1
सि,सिन्ं,1,1
चीनं,चिना,1,1
जितः!”,⁇,1,1
मचात,हिसि,1,1
बगी,ज,1,1
तस्सकं,तस्सकां,1,1
“है!”,⁇,1,1
स्यानाः,स्याना,1,1
तत्थाय्,थत्थाय्,1,0
यंकीगु,खने,1,1
ध्वॉँय्,ॉय्,1,1
मलाः,मला,1,1
जःवनेत्यंबलय्,जःवनेत्यंबलय्“योता,1,1
पनिइ,पनिने,1,1
किजां,किजा,1,1
अजिं,अजि,1,1
चान्हय्,ला,1,1
ला:,⁇,1,1
ले”,⁇,1,1
लाखेलसिंतय्,लाखेलसिंतेसं,1,1
"धाः,",थाहाःधिमय्,1,1
काये,काय्मचं,1,0
बियादिसँ”,⁇,1,1
न्ववाकेत,याकेत,1,1
लिच्व:,⁇,1,1
नसा,नसामाल,1,1
राज,नाग,1,1
छि,छिं,1,1
अबलय्,अबलय्ला्क,1,0
१,गतय्,1,1
भिक्षु,पिसपिसवें,1,1
मसःपिसं,मसपिसं,1,1
आलुया,आलु,1,1
प्याहाँ,प्याहां,1,1
छगू,छवगु,1,1
द्योने,छंत,1,1
‘होटल’,⁇,1,1
चां,चा,1,1
क्ल्याभिकल,किलाबिकलं,1,0
मैं!”,⁇,1,1
सकसिनं,न,1,1
गज्यागु,गज्याःगु,1,1
क्यान्तिनय्,नय्,1,1
न॑,तिबित,1,1
सलिइ,सालिइ,1,1
अशक्ति,आशक्ति,1,1
"बाहाः,",⁇,1,1
बुलुबुलु,बये,1,1
"मेहालाः,",⁇,1,1
यंकीन”,⁇,1,1
फहिइकल,फयेँकल,1,1
कोखानाः,क्वखाना,1,1
हिल,इिल,1,1
कुमारे,कुमारि,1,1
स्वम्हेस्यां,स्वम्हेस्यां“तुफिं,1,1
छपा,छपाच्व,1,0
ल्वःमनी,ल्वःवनी,1,0
नं”,⁇,1,1
तिसा,किच्तिसा,1,0
बजारय्,बजालय्,1,1
बियाः,बिया,1,1
नयेज्यू,नयेजिउ,1,0
हा,ा,1,1
काल,बितिकल,1,1
याना,यानाः,1,1
काइ,काइ?,1,1
अवस्था,अगस्था,1,1
झाइवलय्,झाइबलय्,1,1
A,a,1,1
खानीज्यां,थनिज्या,1,1
खिचा,खिचापाजियात,1,1
श्यंकेत,सनकै,1,1
छपु,छपो,1,1
प्यानाः,नइसेच्ं,1,0
कॅ,⁇,1,1
खुसि,य्,1,1
स्तिलया,लया,1,1
"लुइ,",⁇,1,1
मांवौ,मांबौ,1,1
"कोशि,",⁇,1,1
“प्याहाँ,हुँ,1,1
थ्वगु,थव,1,1
मपाः,मपाः“प्याहाँ,1,1
प्वाः,प्वः,1,1
फय,भ्वये,1,1
जिं,िं,1,1
थायेगु,थाकु,1,1
स्यनिइगु,स्यनयेगु,1,1
धलिं,हलि,1,1
याकनं,प्याखं,1,1
'कर्क्यागु,खँ,1,1
फांगा,वा,1,1
तयातःगु,धौबजि,1,1
अलेय्,अले,1,1
धाःसा,धाःसा“जि,1,1
रसिद,रसित,1,1
भिंना,भिनं,1,1
थ्व,थ,1,1
प्रतिपालिनां,प्रजपिन्त,1,1
लाकांयात,लाकायात,1,1
थ्व,ू,1,1
झकरा,छकनाः,1,1
तिया,धया,1,1
जितः,जितःबिल,1,0
फ्यतुल,तुल,1,1
घासा,घाःसा,1,1
छु,छ,1,1
आयान्ति,सोतुकामा,1,0
!,फन?,1,1
तर,तरत्यइगु,1,1
सीतांग,सितां,1,1
पपू,स्यया,1,1
व,वधुलखा,1,0
वयेफु,फु,1,1
यान,नं,1,1
सइमखु,मखु,1,1
कश्यनि,अथे,1,1
न्यने,नेगेला,1,1
छये,चैं,1,1
मेपिन्तं,मेपिन्त,1,1
वनीगु,वनिगु,1,1
धिमे,धिमय,1,1
जपत्तिं,बय,1,1
कथि,पथि,1,1
लक्ष्मिया,लक्षिमीयाः,1,0
भिक्षुनी,पिक्षुनि,1,1
न्हूगु,म्हुगु,1,1
बांला:गु,गु,1,1
बिहारय्,बियारहे,1,1
पपू,पाप,1,1
न्यना,न्यन,1,1
धात्थें,थत्थें,1,1
मोहनिइ,मनिया,1,1
जुझइफु,फु,1,1
किमि,किमिसित,1,0
गुइ,गुँइझंगःतसें,1,0
पसःपत्तिं,पसःपति,1,1
तंम्वेकादीमाःगु,माःगु,1,1
“अय्,⁇,1,1
शङ्क,सख,1,1
लताँइ,लतयइमाल,1,0
लंग्स,लं्ग्स,1,1
हंचा,ञं्चा,1,1
तःकेहेँ,केहेँ,1,1
नापला,नापलान,1,1
ज्यायेगु,येगु,1,1
बीमा,बिइ,1,1
वाँउचिया,सिया,1,1
न्हिने।,इिने,1,1
ब्वब्वं,ब्यंब,1,1
धायेव,व,1,1
ह्ययेकाः,ह्ययेकाःथः,1,1
नं,ज्ये,1,1
अध्ययनया,अ्यनया,1,1
का,खां,1,1
स्वतंत्र,स्वतन्त्र,1,1
हाल,हाल।,1,1
कुपा,कपा,1,1
"""नावोदो""",⁇,1,1
मुल,नुल,1,1
विल,बिल,1,1
दयेकिइ,दयेकि,1,1
माः,माइः,1,1
बवबनिइ,ब्ववनिइ,1,1
मदु”,⁇,1,1
दुकाये,दुका,1,1
सुचंया,सुचया,1,1
ब्वनायंकल,ब्वनायंकलकि,1,0
न्हापा,नापा,1,1
वनाः,लिं,1,1
मचाला,मछला,1,1
क्वथां,क्वथाय्,1,1
खँ,लं,1,1
व:,⁇,1,1
वयात,युवयात,1,1
कवथाय्,थः,1,1
यंकातःबलय्,कातःबलले,1,0
जिमिथाय्,जिमिय्,1,1
जी!’,⁇,1,1
सवा,बान,1,1
गुलि,गुलिं,1,1
वसपोलपि,वसपोलपिन,1,1
नःवा,वा,1,1
कायम्ह,कायमच,1,1
ला,ला।,1,1
याइबलय्,यइबलय्,1,1
थुंकाः,फुकाः,1,1
रचैं,चैं,1,1
पसलें,पसलय्,1,1
देशय्,देसय्,1,1
न्हैसा,मिस्टर,1,1
नैतिक,नैिक,1,1
छ्यलाबुला,बुला,1,1
छम्ह-स्या,छम्हस्यां,1,1
ई,जुल।,1,1
मसःगु,स्याना,1,1
खनाः,खनाः“छु,1,1
ब्रिद्धसं,धासं,1,1
ब्वनाच्वना,ब्वनाच्वना।,1,0
होरिजोन्टल,कवं,1,1
यानाःसां,यानासा,1,1
मिखाय्,सुलातिइ,1,1
यंक,न्हिपित,1,0
म्हिगःया,मिगया,1,1
सहरयूनं,ति,1,1
वंशज,मिसातेगु,1,1
सनेफइ,सइ,1,1
ध्यान,द्यन,1,1
‘अन’,⁇,1,1
“कलाःयाके,कलाःयाके,1,1
मखु’,⁇,1,1
चस्का,नु,1,1
ल्ह्ययेगु,ल्हायेगु,1,1
स्याइगु,्याइगु,1,1
भृतुमालि,भृतमालि,1,1
म्ह्यया,म्ह्याय्,1,1
क्वः,हाकः,1,1
इहिपा,हिपा,1,1
भून,वन,1,1
तेलाःम्ह,बखु,1,1
बाः,नें,1,1
खाचा,खाचातुयेकि,1,1
बियात:गु,गु,1,1
ल्यहें,ल्यहेले,1,1
म्वः,म,1,1
बहनिइ,ब्हनि,1,1
माय्कें,माय्के,1,1
अबुं,अगु,1,1
भुस्याः,पुस्या,1,1
बरु,बरि,1,1
ला:गु,गु,1,1
उखे,उके,1,1
थोंकन्हय्,कनहे,1,1
त्वःफ्यूगु,ताथफुगुकन,1,1
भराय्मागु,माःगु,1,1
न्ह्याकल,नयकल,1,1
“याकनं,यायेमाल,1,1
च्याकिइ,च्याके,1,1
सकले,सकलें,1,1
न्हापां,भ,1,1
‘होटलय्’,⁇,1,1
नकिइ,नकिङइ,1,1
ज्याया,ज्याला,1,1
मार्म,चकाल,1,1
क्वखाचां,क्वखाचा,1,1
दक्ले,दकले,1,1
ब्वः,व,1,1
बन्दोबस्त,यायेगु,1,1
हाउ,ह्यः,1,1
निंतिं,नितिं,1,1
च्बंम्ह,च्म्ह,1,1
न्ह्यःमवःनि,न्ह्यःवववनि,1,1
मवंथाय्,था,1,1
छॅँयू,ँयू,1,1
ततःधिइपिं,ततःधीपिं,1,1
उम्मेदवारत,उमेरवार्त,1,0
बुद्धं,बुद्धया,1,1
सिमाय्,रिमाया,1,1
बाः,बा,1,1
मिइत,मित,1,1
हरिं,जिं,1,1
मुइगु,मिगु,1,1
जिउ,जू,1,1
ममः,मव,1,1
ई,न्ह्या,1,1
तालां,ताल,1,1
बगेज,बगि,1,1
अंगू,अंगु,1,1
स्यनिइ,स्यइ,1,1
कन्हय्कुन्हु,कुन्हु,1,1
थ्वये,थये,1,1
सुं,छचुं,1,1
ससःबुजुम्हेस्यां,सःबुजुम्हेस्यां,1,0
‘कलाः,कलाः,1,1
अनं,अंग,1,1
जिं”,⁇,1,1
मखनि,मखने,1,1
प्रमाणित,प्रमाणितयायेगु,1,0
च्वापुर्गु,च्वापुर्गुँ,1,1
माः,कयेमाः,1,0
थ्वैत!,थ्वैत,1,1
थ्व,ना,1,1
जंगलय्,रगा,1,1
सीवा,चिवाकावये,1,0
म्हं,म,1,1
वहे,वुये,1,1
स्यनेगु,स्वनेगु,1,1
तिनि”,⁇,1,1
तिछुंगलिइ,बलिइ,1,1
संन्याकाइलय्,इलय्,1,1
थ:गु,गु,1,1
लागाय्,लागया,1,1
च,दे,1,1
त्वॅसा,सा,1,1
थः,नाप्प,1,1
इकोनोमिक,मिकखेत्ये्,1,1
यत्थाय्,यत्थाय्े,1,1
चितगांय्,छिकांय,1,0
तिलकि,तििलकि,1,1
गुँ,गुं,1,1
यानाच्वनि”,⁇,1,1
ल्वमन,मलव,1,1
द्यःयात,द्येयात,1,0
सकसिनं,सिइ,1,1
मथ्यंक,मथ्यंकं,1,1
च्वन,च्वनं,1,1
मांबौलिसें,मांबौलिसेचें,1,1
सालाकाल,सालःकाल,1,1
ल्हुल,हुल,1,1
तं,त्वं,1,1
काचाकाचां,चाचा,1,1
गा,रखा,1,1
द्वाहँ,द्वाहां,1,1
ज्वाँय्ज्वाँय्,ज्वाँय्,1,0
उंया,उयाः,1,1
मांत”,⁇,1,1
अय्सां,अईसां,1,1
सुथाय्,कदां,1,1
नित्यनारायणं,सप्व,1,1
सम्बत,एक०,1,1
राजकुमारी,मलया,1,1
"ख:,",जित,1,1
छॅयू,यू,1,1
उतरपाखेया,पाखे,1,1
दुंहे,हे,1,1
न्यनेव,न्यनेव“क्वथाय्,1,1
छँ,छेँज,1,1
जुया:,⁇,1,1
उजं,उजः,1,1
“म्युनिसिप्यालिटी,म्युनिसिप्यालिटी,1,1
तयाच्वँ,तयाच्वँ!,1,1
न्हापा,न्ाहापां,1,1
वलय्,बलय्,1,1
बं,व,1,1
यायेमाल”,⁇,1,1
धकाः?”,⁇,1,1
तःताजि,तताजि,1,1
चाल।,चाल,1,1
प्वलाः,प्वाला,1,1
मरया:वन,वन,1,1
"धिमय्,",नायूकिं,1,1
रुप,नं,1,1
बा..”,⁇,1,1
अंग्रेजी,अंगेि,1,1
"नायूखिं,",बुस्यां,1,1
दैं,चें,1,1
हिकु,िगुहिकुलनः,1,0
ब्वनाकुथिइ,बवनायेकुथति,1,0
आःपिं,ःपिं,1,1
जानयेगु,जानेगु,1,1
छन्दत,नंतः,1,1
छुस्या,जुस्या,1,1
मैंचां,मैंचां“स्वय्,1,1
अनिगु,अनेय,1,1
भौचिया,भोचिया,1,1
इकुस्य,च्वनाः,1,1
ल्हाः,ल्हा,1,1
बानि,भालि,1,1
मच,ख,1,1
खः।,खः!,1,1
न्ह्यथन,थन,1,1
धय,ब्यंखाथें,1,1
निम्ह,निम्ंवल,1,0
क्यबय्,कवय्,1,1
कॅयूयागु,कयोयागु,1,0
न्ह्याग्गु,कासा,1,1
न्ह्यइपुके,न्ह्याइपुके,1,1
"याॉँउ,",वाउ,1,1
मचाखाचा,खचा,1,1
होलकया,सत,1,1
यातः,यात,1,1
जाक,जक,1,1
न्ह्यार्ताके,हाताके,1,1
म्हांह्मी,न्हांमंपिं,1,0
मा:गु,न,1,1
तिवांतिवां,ततिव,1,1
उगु,वगु,1,1
जके,हे,1,1
थायू्थासय्,थासय्,1,1
म्हया,म्हय,1,1
लुमनाः,लुमनं,1,1
ज्यॅक्व,क्व,1,1
फ्यनाबिउमवने,मवने,1,1
व,भ,1,1
"धे,",धुपाँय्,1,1
मधासे,मधासे्,1,1
धाइ!”,धाइ।,1,1
चिखायात,चिकियात,1,1
सचेत,सचेब,1,1
जिउ”,⁇,1,1
डिरि”,⁇,1,1
स्यु,स्यृ,1,1
कॅय्,य्,1,1
सयेके,सकेकि,1,1
भाय्,ाय्,1,1
खुसिइ,सिथीचनज्या,1,1
"कर्णालि,",⁇,1,1
ज्यतालय्,जःलात,1,1
उइ,वइ,1,1
हयाः,हया,1,1
थ्व,थो,1,1
केहेंम्हेस्यां,केहेंम्हेस्या,1,0
पियाच्वंगु,च्वं,1,1
धाःगुलिं,धाःगुलिं“आः,1,1
इन्द्रेणी,इन्द्रेइ,1,1
छैँयू,छेंय,1,1
प्राचीनकालंनिसें,निसे,1,1
पाजुयाथाय्,थ,1,1
ल्याय्म्हचा,ल्यामहचा,1,0
कायेम्वाः,कायम्वाः,1,0
भयाः,च्याके,1,1
द्यःथें,धःथें,1,0
"जुइ,",जुइं,1,1
ख्वाँउसे,ख्वाउसे,1,0
जित,के,1,1
ग्वरलय्,गवरलय्,1,1
निप,निपां,1,1
चचा,चचाप्यानाः,1,0
निल,मि,1,1
स्वर्गनपिं,गनपिं,1,1
च्वनेमते,मते,1,1
गुँया,गुया,1,1
दक्ले,दक्य्,1,1
न्वचु,नचु,1,1
झोला,झ्वला,1,1
खः”,⁇,1,1
खासाया,कासाया,1,1
चाय्काः,काः,1,1
बी,बी।,1,1
द्यंवनेधुंकल।,बनेधुंकल।,1,0
आः,काःदेसय्,1,1
तया,वः,1,1
लख,लखं,1,1
बॅचु,चु,1,1
रिसिं,ऋषि,1,1
याकन,याकनं,1,1
वॉँउभतु,वाँउभतु,1,1
द्यः,दय्,1,1
मखुसें,मखुस,1,1
बिस्तरं,बस्तार,1,1
मत,मतख्यू,1,0
वनेगु!,वने।,1,1
चाकु,चाकुतइ,1,0
बीधुंकूगु,बिधिंगु,1,1
मस्या,म्हस्या,1,1
वया,या,1,1
ईनं,ईनं“है!,1,1
तःधिपिसं,तःधीपिसं,1,1
च्वंमदु,मदु,1,1
हे,तीचु,1,1
अस्थिरताया,अस्चेरचायाइ,1,0
थुमिगु,थमिगु,1,1
लँमियात,लमियात,1,1
मांबौनं,नं,1,1
बार्ज,बार्जं,1,1
पतिंचा,ला,1,1
लःखः,लखय्,1,1
राग,रात,1,1
माखां,खेँय,1,1
वया।”,⁇,1,1
ज्ञानि,ग्यानि,1,1
मनूया,मनुया,1,1
पय्नं,नं,1,1
नित्यनारायणं,नित्यनारायणं“यथाय्,1,1
हेरामाः,फ्यने,1,1
स्यनाकया,कया,1,1
न्ह्यः,न्हः,1,1
बरबुरा,बरबुर,1,1
न्हियान्हिथं,न्हियानिथं,1,0
गृहयुद्धया,धार,1,1
कयपुया,पूया,1,1
दायाः,बाया,1,1
कि,कि“थज्याःम्ह,1,1
छं,छयं,1,1
जे,जुयाच्वंम्हेसितः,1,1
मबी,मबि,1,1
तुइ,तुइ?,1,1
छभ्यगः,जि,1,1
हल,दु,1,1
धाःगु,थें,1,1
वया,घः,1,1
वाःवनेत,वनेत,1,1
धन,धन“गन,1,1
खँचा,खचा,1,1
केहेंम्ह,केहेंम्ह“जितः,1,1
स्यंसा,स्यसा,1,1
कुतिंन्यात,कुतिंञ्यातला,1,0
भिक्षुनीपिन्त,भिन्त,1,1
वानेमाः,माः,1,1
सुलचं,सुलस,1,1
अःपु,अपु,1,1
मिखां,मिखा,1,1
समिरं,समिरं॑,1,1
मिसातय्गु,गु,1,1
लः,लह,1,1
हानं,न्,1,1
ला!,ला,1,1
ब्वने,ब्वनेकीथि,1,1
गुगु,व,1,1
चतांमरि,चतामरि,1,1
“ओहो,गज्याःगु,1,1
यात्रायायेगु,यायेगु,1,1
कन्हे,कन्हयह्,1,0
“वन्य,न्हैसा,1,1
‘बोट’,बोट,1,1
देगाः,गाः,1,1
थ्व,थ्वगुं,1,1
न्ववाइ,नवाइ,1,1
जाय,भजि,1,1
छुँयात,छुंयात,1,0
थ्वगु,थःय,1,1
न्हगु,ल्हुगु,1,1
हारि,लयूलयू,1,0
गनथें,गथ,1,1
आइतबारे,ब्वनेकुथिइ,1,1
पिंखिचात,कःयात,1,1
सिं,किं,1,1
भौचां,भौचा,1,1
त्रक,पत्रक,1,1
नहापा,न्हापातुयू,1,1
ब्वः,बःबिल,1,1
छगू,जकक,1,1
ख्वखना,खनख्वखनाः,1,0
द्यन।,द्यन,1,1
गुन्हुपुन्हि,गुनपुन्हि,1,0
च्वयाः,चस्सका,1,1
ब्वया,ब्वयावन,1,1
दु,दयगु,1,1
एंग,एगः,1,1
साः,साःं,1,1
वःगु!”,⁇,1,1
थीथी,तःथीथी,1,0
लॅयू,ल्ययू,1,1
व,जिदी,1,1
“द,दजा,1,1
ल्हाकेछ्वत,लाकेछ्वत,1,1
व॑,व,1,1
छिनी,छिनि,1,1
आम,आव,1,1
हर्षे,खुवे,1,1
याय”,⁇,1,1
रेन्,नका,1,1
थुल,थुलिं,1,1
तःधिइ,तः,1,1
लाजबन्ती,लाजपन्ी,1,0
च्वापु,चापु,1,1
रुमाल,रुमादु,1,1
ख़न,खन,1,1
का,काः,1,1
सुलर्चं,सुलचं,1,1
मांबौय,मांबौयु,1,1
नकमिं,नकमि,1,1
म्हयूखा,ला,1,1
पलाःपतिं,पतिं,1,1
बस्,ब्,1,1
लॅँपुया,ँपुया,1,1
नं,सिन,1,1
चिकिपु,चीकीगु,1,0
सुन्दरीम्ह,सुन्दरिम्ह,1,1
बिज्याइ,बज्याइ,1,1
थथे,थधे,1,1
चुइकाहःगु,कायेगु,1,1
प्रजनित,प्रतिपालिनं,1,1
वयाके,वयेक,1,1
बा:यात,यात,1,1
सनिवाः,सबिवाः,1,1
लानइम्ह,नइम्ह,1,1
“द्यंवनेत्यल”,⁇,1,1
स्वांमा,स्वांमाः,1,0
भुतुलिइ,भृतुलिइ,1,1
मांबौपिनि,मांबःपिनि,1,0
गुलिं,गुलिचैं,1,0
मदुनि,मदुनी,1,1
जुरुक्क,दनाः,1,1
घलय्,धालय्,1,1
छँजः,छज,1,1
न्ह्याक्व,न्ह्याक्वंये,1,0
जवंखवं,खँ,1,1
छुँ,छुं,1,1
ञ्यायेगु,ज्यायेगु,1,1
काये,कायेम्वाः,1,1
मैंचां,मैंचा,1,1
य:मरि,मरि,1,1
अगार्,टया,1,1
सलाइ,सलइ,1,1
त्वनेमयः,त्वनेमय,1,0
चं,चैं,1,1
फ्लया,थुखे,1,1
:तिपिटकबौद्ध,तिपिटकबौद्ध,1,0
सः,समयेक,1,1
चीमि,बचिनिइ,1,1
सों,अंग्रेजी,1,1
स्वीकार,स्ीकार,1,1
झोगु,जोगु,1,1
ग्वंगःलिसे,लिसे,1,1
इदं,इद,1,1
अथे,अथेय,1,1
रुमाल,रुमार,1,1
खॅला,खःला,1,1
इमुचा,इमूचालय्,1,0
स्वयाजु,स्वःयाजु,1,0
च्वनि,च्वनेि,1,1
वं,व,1,1
लाखयूया,लाखियूया,1,0
सिया,छिया,1,1
खुसिइ,खसा,1,1
धया,मांबौ,1,1
गल्लिइ,गल्लि,1,1
वन,वल,1,1
‘काई’,⁇,1,1
क्वःचां,क्वचा,1,1
गांधीनगर,गान्धीनगर,1,1
अःखुंचा,अखुचा,1,1
कनाः,कनाः“हुँ,1,1
मेयूमा,मेयूमाः,1,0
चान्हय्,चान्ह्,1,1
झीत,जीतः,1,1
ठीक्,जिजु,1,1
या:,⁇,1,1
अंगु,अंगू,1,1
थःगु,थुंगु,1,1
धकाः!,धकाः।,1,1
घॉय्,घाय,1,1
दयेधुंकल,धुंकल,1,1
ककायाके,खसय,1,1
त्वःत्य”,⁇,1,1
लयूलयूताल,ताल,1,1
अन्न,स्वीकाः,1,1
अचः,अच,1,1
मैं!”,धका,1,1
स्वना,सुना,1,1
थ्व,खुशु,1,1
कथ,कथं,1,1
मायूमल,मायुमं,1,0
न्हयकू,न्हकु,1,1
"हाकु,",ब,1,1
ख,खः,1,1
स्वया,सवया,1,1
देसय्,बौमतकम्युनिस,1,1
खिचात,थ्व,1,1
म,महवन,1,1
पर्वति,पतिं,1,1
तिभि,मनुख,1,1
गं,ग,1,1
गुरूमां,गुरुमाः,1,0
कुत्तुकुलाः,कुत्तुकुलां,1,0
गुलि,ईि,1,1
कायेधुन,कायेधुन।,1,0
पाहार्,खंबय्,1,1
महत्त्वपूर्ण,दु,1,1
धकियात,यात,1,1
च्वया,छ्वयातल।,1,0
जुल,ल,1,1
स्यनिइ,सइ,1,1
श्रोतुकामा,अस,1,1
तःम्हं,थमं,1,1
त्रिशूल,त्रिशुल,1,1
कन्हय्,कने्,1,1
काथि,कथि,1,1
क्वःयात,क्वयात,1,1
सिँया,सिय,1,1
केॅय्यागु,य्यागु,1,1
गुलि,विितं,1,1
छम्हं,जामह,1,1
‘अयनं!’,⁇,1,1
खलकं,यंकिगु,1,1
चश्बलल्,चश्बल्,1,0
जिइ,ज्य,1,1
मात्रन,मात्र,1,1
थें,नयान,1,1
मांया,मांतय्,1,1
थ्व,थ्वशिंखलाय्,1,0
यंकि,यंकिइ,1,1
याय्,यायेफम्ह,1,1
त्याइगु,बयिगु,1,1
लिहां,लिहाः,1,1
घयूपुल,घइपुल,1,1
ला,लहा,1,1
छॅँय,ँय,1,1
उपासक,बासकु,1,1
ववं,बक,1,1
चतामरियागु,चतांमरियागु,1,0
नी,नेनिर,1,1
धाःगु,दधाःगु,1,0
मयाना,मयानला,1,1
संगीतय्,संगीत,1,1
विइ,बिइ,1,1
न॑,न,1,1
छुइबलय्,यल,1,1
धाये,धाइ,1,1
तमा,तःमा,1,1
केहेँनं,मिखा,1,1
भिं,बीइ,1,1
सकस्यां,सकसं,1,1
ततःपृग,ततंपृग,1,1
छँ,छेँयं,1,1
नये,नयेखँ,1,1
दथुइ,दच्थुइ,1,0
बगैँचा,ज्य,1,1
सुयाकें,सुयाके,1,1
देयेकिइ,दयेकिइ,1,1
लयूतायाः,लयं,1,1
बॅयू,ब्यूतल,1,1
मथूपिंत,म्हथुपिन्त,1,0
कने,कन्हेस्थे,1,1
सुथ,नाप,1,1
कुनय्,कुन्हये,1,0
छन्त,स्न्त,1,1
रुमालय्,ुयां,1,1
लः,ल,1,1
वा”,⁇,1,1
स्यनामिं,स्यानामि,1,1
शक्रब्रह्मादि,ब्रमाणी,1,1
ग्वः,ग्वफ्ः,1,0
सिक्क,सिकये,1,1
(मिजंया,मांबौयात,1,1
न॑,न॑॑,1,1
क्यबय्,वय्,1,1
तुर्फि,तुपि,1,1
ची,चीपला,1,1
यायेतः,यात,1,1
कुसया,कुसाया,1,1
च्वापु,च्वापुर्,1,0
झ्वाताहां,छ्वताहा,1,0
दंबि,दभिं,1,1
इमित,इमितः,1,1
भिंनिगु,न्ह्यने,1,1
धवा,दंवा,1,1
"धुपाँय्,",⁇,1,1
भयाः,भवथा,1,1
चिग्बःगु,चिब्वःगु,1,0
क्वाःक्वाः,क्वाक्वाः,1,0
ममः,ममवह,1,1
लुँया,लुया,1,1
देवतापिनिसं,ब्या,1,1
छें,छथें,1,1
ब्वंकाच्चन,ब्वंकाच्वन,1,0
निर्नेना,ना,1,1
आसः,आस,1,1
यकव,यकवः,1,1
बयेकिइ,वयकिइ,1,1
स्वयाच्वंपिं,च्वपिं,1,1
मिजनं,नं,1,1
द्वाहांच,दुहां,1,1
अय्ला,ला,1,1
बेलि,बेल,1,1
गुलाफ,गुलाप,1,1
मेमेपिं,मेमेपि,1,1
दुखुप्राः,प्रा,1,1
न॑,धुल,1,1
आवलि,सने,1,1
स्वम्ह,मचात,1,1
मांनापं,मनि,1,1
तपुलि,लि,1,1
च्वने,मरेगु,1,1
वंगु,वंग,1,1
वयाः,वयाः“जि,1,1
‘व,व,1,1
दिन्,दिन,1,1
प्याहां,हुँ!,1,1
बबन,बवन,1,1
ग्याग्यां,ग्याग्या,1,0
थ्वयेत,थवयेत,1,1
बहुमत,तयेगु,1,1
थें,तया,1,1
संख,स्ख,1,1
छुंत,छुंतन्य,1,0
कपाचं,कपाच्य,1,1
‘‘छाय्?’’,⁇,1,1
अथ्ये,अथे,1,1
बानि,बनिइ,1,1
श्व,थ्व,1,1
छकलं,छकंयाथा,1,1
दथें,धथेहे,1,0
"हिरा,",मोति,1,1
चबूगु,चबूगुमाः,1,0
भचा,भचाभचा,1,1
लँसूनं,लसूनं,1,1
न्हिनय्,लिने,1,1
खॅला,खँला,1,1
मनुखं,मनुषं,1,1
न्हिँन्हिँ,न्हिन्नि,1,0
खिँउकल,चिूकल,1,1
मध्ये,मते,1,1
धूं,पाजुया,1,1
हे,छगु,1,1
तःथी,तरि,1,1
भौम्ह,भौम,1,1
जायेक,जायेकः,1,1
झाताझाता,छाताझाता,1,1
ग्यायेजिउ,जि,1,1
बल,वल,1,1
व”,⁇,1,1
नागरय्,जक,1,1
तापाकं,मापाकं,1,1
फ,पक,1,1
सामान,सा्मान,1,1
धाःसा,धाःसा“भाःतया,1,1
थ्वात।,थ्वात!,1,1
गाय्,गांगा,1,1
यक्व,यक्वू,1,1
ल्वःमन्कि,लोम,1,1
लसंहना,अ,1,1
मालया,मलया,1,1
खाता,या,1,1
म्ह्यय्,न्ह्याय्,1,1
किथि,त्रृथि,1,1
नां,ना,1,1
वयगु,वयेगु,1,1
पर्वत्,पर्व्,1,1
अप्वः,अप्व,1,1
थँबहीयात,थेंबहियात,1,1
उद्धार,धार,1,1
खेँय्,कये,1,1
चकचके,चचके,1,1
"बकुलाः,",बकुलाःचवनाः,1,1
उवले,छा,1,1
!,मा,1,1
वन,वन।,1,1
धिक्कार,धिककाय,1,1
नया,मयाः,1,1
मांयात,मांया,1,1
बस,मयुयाेच्वन,1,1
म्वाय्,मयायागु,1,0
खां,खाःखुइ,1,0
सीम्हेसित,छित,1,1
"थाइ,",थाइ,1,1
वय,उयये,1,1
न्हूपिंत,न्हुपिन्त,1,1
दिप्रेसनय्,दिपेसनय्,1,1
तयाः,तयाः“का,1,1
चुनाः,छुनाः,1,1
अप्व:,⁇,1,1
थ्व,थ्वये,1,1
जुइगु,जुगु,1,1
हानं,हानां,1,1
दुरुमरि,मरि,1,1
भिक्षु,भिक्षुपिचुनी,1,1
सम्पनन,सम्पन्न,1,1
सिकं,सिक्क,1,1
लखय्,लखयं,1,1
तये,तयेमजिउ,1,1
हुंकन,हुकन,1,1
फ्रक,फरक,1,1
स्व,वबाःबु,1,1
छकू,बियाः,1,1
ब्वया,ब्वना,1,1
मलया,मलय,1,1
वने?”,⁇,1,1
नकतिनियाम्ह,नत्तिनयाम्ह,1,0
दुःख,दुखं,1,1
चीधी,चिधि,1,1
च्व॑म्ह,च्वकंकग,1,0
थुइकाः,थुवीकाः,1,1
टेबुलय्,तेबुलय्,1,1
ज॒याच्चन,ज्याँयाच्चन,1,1
लोकंह्वा:गु,गु,1,1
"मेच,",मेच,1,1
सङइ,संगीइ,1,1
दानि,धानि,1,1
न्ह्याइपुसेच्वं,न्याेपुसं,1,1
सल्ह,सल्हु,1,1
बिचाः,बिचाया,1,1
झीगुपिंत,ज्यूपिता,1,0
सिमा,सिमातःमा,1,0
गामं,कामह,1,1
मबिउ,मद्यु,1,1
केहें,केहे,1,1
असतमि,अस्तम,1,1
मनूतयूसं,मनूतसा,1,1
चन्द्रमासया,चन्द्रमासाया,1,0
कयाः,कया,1,1
पार,पाड,1,1
द॒इ,इ,1,1
थाथां,थाथा,1,1
ऐयारवाडी,नयूरवादी,1,1
तताम्हेस्यां,तथांम्हेस्यां,1,0
गुण,गवलि,1,1
तिंतिं,िंकेन्हुइ,1,1
दंबि,दमि,1,1
लखय्,ला,1,1
मनुखं,⁇,1,1
केहॅँ,केहं,1,1
आँ,आँ.,1,1
माःम्ह,माःमः,1,1
"सा,मे",मे,1,1
जइन,जुइन,1,1
थासय्,थासाय्,1,1
खः,काः,1,1
च्वना।”,दन।,1,1
"जिञि,",जि,1,1
वां,न्य्वा,1,1
थःगु,ौ,1,1
“खः,खः,1,1
तन्त्रय्,दइ,1,1
छम्ह,छ्ह,1,1
गलः,गल,1,1
नां,नाम,1,1
ल्वमना,ल्वःमन,1,1
किन्नरेन्द्राः,धारिहारा,1,1
छाय्धाःसा,धाःसा,1,1
कायेगः,कायत,1,1
सिन्हः,सिन्ह्यु,1,1
(एकवचन),⁇,1,1
न,नं,1,1
वसः,वसःपुने,1,0
थाना,थानाः,1,1
यम्ब,ब,1,1
खयू,कइ,1,1
मिंनयाः,मिनया,1,1
वन,वन्धाये,1,1
ताकःचा,चाः,1,1
हनं,अहनं,1,1
म्हया,म्याय्,1,1
ज्याभवलय्,बे,1,1
ल्वःगु,लुगु,1,1
मज्यू,जुइ,1,1
यक्वःदइ,दइ,1,1
गा,गाथें,1,1
दुःख,दुख,1,1
भुझ्यावन,वन,1,1
तेयूया,देयुया,1,1
ध्यबा,धेबा,1,1
लँय्,लय्,1,1
दं,र,1,1
मू,मूतंदा,1,0
न्हलं,न्ह्यलंचाल,1,0
दण्ड,तन्त,1,1
म्यान्मार,म्यान्माार,1,1
कॅयूया,केँयू,1,1
-,गयलयगु,1,0
वये,वइनं,1,1
जहाजं,जः,1,1
मदनमानया-गुली,गुली,1,1
मूल,मुल,1,1
जिं,खुसिया,1,1
जुय,जुगु,1,1
वा,वामाल,1,1
काकां,काका,1,1
दयेके,दयेका,1,1
सिइ,सिख,1,1
सितारं,सितारं“डिरि,1,1
न्यँसेंलि,न्यासेंलि,1,0
दु,त्,1,1
म्हुकं,महिम्ह,1,0
गुरुङहरिहराः,सक्रादी,1,1
शताव्दीपाखे,पाखि,1,1
चैं,छं,1,1
ख्वयाच्वनागु”,⁇,1,1
ज्या,धिसा,1,1
क्वें,थुनाथकु,1,0
"बकुलाः,",चना,1,1
हंचा,चान्हः,1,1
मांबौपिसं,मांबौपिसदिया,1,0
लिक्का,लिकला,1,1
छिति,नं,1,1
जिमूतय्के,जिमूतयके,1,0
म्वः,म्वाः,1,1
ल्वापुखिचा,खिचा,1,1
प्वाल्ल,प्वलाल्,1,1
अथेया,जिय,1,1
धो,धौतय्,1,0
घलय्,घले,1,1
छ्येलेज्या,छलेज्या,1,1
छेँयू,छेय्ू,1,1
ह्यांउवाँउ,ह्यॉउवॉँउ,1,0
असुरसुरनराः,सुरन्दलाः,1,0
वॉउसे,वाँउसे,1,1
जितः,जिताः,1,1
यये,ये,1,1
भाय्,भाये,1,1
बइग,वंकि,1,1
धयाच्वन,नयाच्वन,1,0
स्यनाबिया,बिया,1,1
फ्वाय्,फ्यवाय्,1,1
धया,दया,1,1
"वः,",⁇,1,1
ख्वख्वं,ख्वखं,1,0
माध,मागे,1,1
न्याये,न्ह्यायेथें,1,0
ते,तये,1,1
चाहिला,जपततिं,1,1
वयाः,वया,1,1
सिन्हः,यः,1,1
अहि,अगे,1,1
थूथुक्कुडी,थुलुकुी,1,1
गन्धर्वनागाः,गन्धर्नागा,1,0
थेजिपिं,जिपिं,1,1
यः,या,1,1
तःधिक,जुजु,1,1
हृताः,खता,1,1
अलाः,लाः,1,1
धुंकाः,धुंकाकः,1,1
पसपिं,पासपिं,1,1
मवयेक,प्वाय्,1,1
पून्यप्रसाद,मसाद,1,1
थीथी,थ्ोटु,1,1
सुखं,स्ुखं,1,1
हाकु,याकु,1,1
वाँउचा,वाॉउचा,1,1
न्हिल,न्िल,1,1
स्वंगु,संगुखुसितन्त्र,1,0
यक्व,याक्व,1,1
हिकु,योगु,1,1
सन्म्मानमा,सममानमाह,1,0
मिजं,ज्याथ,1,1
दयेकल,देकल,1,1
दु,दुनी।,1,1
म्ह्याय्,म्हाय्,1,1
चुलिं,च्वँलि,1,1
यायेमा,याय्मा,1,1
कथंयापिं,कथंयात,1,0
स्यानिइ,स्यनिइ,1,1
माःगु!”,⁇,1,1
सःय्,सये,1,1
चूलाकल,छुलाकल,1,1
देश,ेय्,1,1
दुःखया,दकया,1,1
छें,छेंय्,1,1
जवबजलपा,ज्वजलपा,1,1
खः,थं,1,1
भए:,⁇,1,1
आः,आ,1,1
दाल,धाल,1,1
चिकं,चिकंतया,1,0
गुरु,गरु,1,1
"मरिचारि,",⁇,1,1
खःला,ला,1,1
ब्यायागु,ब्यायायागु,1,0
च्वीँ”,⁇,1,1
देय,देयःं,1,1
याःगु,यागु,1,1
गुरूबा,गुरुबाः,1,0
मछंकाः,मछिका,1,1
दायेकल,दयेकल,1,1
मतयाः,मतया,1,1
मांबौ,मांबौकसेनि,1,1
तःकेहेँ,हे्,1,1
गादिइ,गाधिनं,1,1
श्वया,साउ,1,1
तुयूहाकृ,हागु,1,1
गज्याःगु,गज्याःगुपित,1,1
हुँ!,हुँ,1,1
"स्वां,",सिन्हः,1,1
फ्यनामबिउम्ह,भंचा,1,1
वःगु,थ्वगु,1,1
मुनी,जा,1,1
द्यांच्चय्,धाच्यः,1,0
बेवास्ता,ब्यवासता,1,1
साइ,सइ,1,1
माःवन,मांबन,1,1
कल,कलं,1,1
नःगु,नगु,1,1
छितः,सनाप,1,1
थौंतक,मिज,1,1
ख्वाउँक,ख,1,1
"लॉ,",ला,1,1
भय्,काय,1,1
जि,जिला,1,1
खंसां,सने,1,1
कवातिइ,क्वातिइ,1,1
पु,पपिइ,1,1
उकुन्हु,उकुन्नु,1,1
वयागु,वयाग,1,1
गुणं,नं,1,1
हे,थाके,1,1
प्रग्य,द्युय,1,1
ति,तिइ,1,1
"इहि,",बाहाः,1,1
हारां,हारा,1,1
तःथी,तःधीं,1,0
अबुं,अबु,1,1
उसि,सि,1,1
अनं,अन,1,1
पुचःयात,पुचायात,1,1
मह्रि,मह्रिबिल,1,0
तस्सकं,इदः,1,1
च्या,च्ाया,1,1
मङ्गल,मंगल,1,1
खॅँ,ँ,1,1
सिजःया,सिजया,1,1
स्वया,धासाचिजा,1,1
च्बं,च्वं,1,1
जुइ।”,⁇,1,1
मखु,मफु,1,1
भौम्ह,भम,1,1
चिचीधी,चात,1,1
मजिउ,मज्यू,1,1
मादल,तलमात,1,1
ध्व,थ्व,1,1
नाइसे,न्यइसे,1,1
खः।,खं।,1,1
हुँ”।,⁇।,1,1
"वाउ,",⁇,1,1
पुचलय्,मुूत,1,1
दच्छि,द्छि,1,1
ताकु,चाकु,1,1
सा:,⁇,1,1
ककां,कका,1,1
हे,महतवपूर्णं,1,1
स्वःवये,वये,1,1
दलाः,दला,1,1
"नसा,",⁇,1,1
मचायेक,मचायकवथानाजं,1,1
हयाँउगु,ह्याउगु,1,1
यन्त्रयागु,यान्त्रयागु,1,1
मदुसेंलि,मदुसेंलि“इमि,1,1
मालयाय्,मालय,1,1
छॅँजःपिसं,ँजःपिसं,1,0
पर्वतमालाया,पर्वत्मालाया,1,0
रंगिबिरंगि,बिरंगि,1,1
वल।,वल,1,1
पसलय्,पसल,1,1
यानं,यान,1,1
वनाः,वाइ,1,1
धाःसां,पाइ,1,0
न्हिच्छि,न्हिचछि,1,1
स्वयेबलय्,स्वयबय्,1,1
चलेना,चले,1,1
उकिं,ि,1,1
त्वंकूगु,त्वनेः,1,0
वने,वनेले।,1,1
याये,येगु,1,1
मिखायय्,मिखाय्,1,1
स्याःगु,यागु,1,1
"म्वाः,",म्वाःशुभाय्।,1,1
इपि,इपिं,1,1
कञ्चनपुर्,कञ्चनपु,1,1
वया,वयाच्वम्ह,1,0
रसिद,रसी,1,1
मेयूम्ह,मेेम्ह,1,1
स्वतः,सुलत,1,1
जूगु”,⁇,1,1
छ”,⁇,1,1
तिंन्हुया,पिनुयाः,1,1
ग्बंगः,न्ह्यने,1,1
सीम,सिमापति,1,1
ल्हातं”,⁇,1,1
बागमति,बतिि,1,1
लाव,व,1,1
मांबौ,मांबौन,1,0
मनूनाप,नाप,1,1
गुलि,दये,1,1
थ्याकाः,ख्याक,1,1
बिज्यागु,बियाःेगु,1,1
"चना,",⁇,1,1
ब्रिद्धासन्,वेद्धा,1,1
न्ह्याइपुसे,न्ह्याइपुस,1,0
हलय्,थाना,1,1
प्वाथय्,प्वथय्,1,0
ख्वइच्वनागु”,ख्वइच्वनागु,1,1
लाखार्मारे,मरि,1,1
त्वतां,त्वतं,1,1
गथांमुगःया,गथांमुगया,1,1
स्वबा,सोगात,1,1
गिलास,पस,1,1
लाकां,लाकाः,1,1
सालवीन,सालावि,1,1
गल्ला,लग,1,1
नं,नवहे,1,1
"छुया,मनाः",मनाः,1,1
मांयात,मांयातीवइगु,1,0
"म्हपुजा,",⁇,1,1
छुनाः,छुयाः,1,1
मिखा,मिख,1,1
भवःलिं,भवलिच्वनाः,1,1
तइ,ति,1,1
चःतिं,चःति,1,1
सवयाः,स्वया,1,1
मयः,यः,1,1
स्वाराक्क,स्वर्क्क,1,1
ल्यहें,हेपुल।,1,1
थज्याःगु,थज्यागु,1,1
सीमा!”,⁇,1,1
देशय्,देसे,1,1
"""विद्""",⁇,1,1
समयूबजि,समयबजि,1,1
इतः,लाःसां,1,1
मबिलाकि,मबिलकि,1,1
ब्बल,ब्वल,1,1
ञ्यायेगु,ज्यागु,1,1
मुलु,मुलुं,1,1
ब्वनाकुथिइ,ब्वनाकुथिया,1,0
आः,आशक्ति,1,1
"बिसनुमति,",कर्णालि,1,1
धाला,धाल,1,1
न्ववात,न्हुवात,1,0
लयेताया,लयतांबा,1,1
छँजः,छ,1,1
बाहाःया,ला,1,1
बन,वन,1,1
थरगानाः,गरगानाः,1,1
आगमय,आगमय्,1,1
सिन्हः,सिन्नय्य,1,0
सिन्ह,सिनय्,1,1
होमोफोनिया,फोनिया,1,1
ब्वयेकूगु,ब्वयेकगु,1,1
भुस्याः,बुस्या,1,1
मगातकि,मगार्तके,1,0
मसिउगु,मस्यूगु,1,1
छें,जचैं,1,1
हे,लिपा,1,1
भुन्द्रु,भुंदु,1,1
ख्वबि,हायेकाः,1,1
च्वंकिइ,च्वनिइ,1,1
वहः,वं,1,1
थथेयाना,नं,1,1
लानाहइ,लान्यइ,1,1
बीना,भिंना,1,1
लाकामनल,मनल,1,1
ह,थ्व,1,1
मनू,मनि,1,1
तयाः,तया,1,1
सामानत,त,1,1
म्हुकं,निम्ह,0,1
ल्याय्म्हचा,ल्याम्ह,0,1
च्वज्याय्,च्वज्या,0,1
मिसातयूगु,मिसातय्गु,0,1
खुसियाग,खुसिया,0,1
कायेम्वाः,काम्याः,0,1
ग्वः,ग्वसाः,0,1
स्यनामिं,स्यनामियात,0,1
पर्वतिय,पर्वतया,0,1
ऎयारवाडी,मारवाडी,0,1
भाजनय्,भजनय्,0,1
दच्छि,दच्छिया,0,1
बालागु,बांलाःगु,0,1
वया,जुयाच्वंम्ह,0,1
जीमूतवाहनत,जीमूतवाहन्,0,1
धयातःगु,ध्यागु,0,1
चिकं,चिकंया,0,1
ब्वनाकुथिइ,ब्वनाकुथि,0,1
ख्वख्वं,क्वखं,0,1
ख्व,ख्युं,0,1
झ्वाताहां,स्वाहा,0,1
तया,सिन्हः,0,1
कन्हे,कन्हय्कुन्हु,0,1
फय्,हथौसा,0,1
ल्वायमते,ल्याखायेत,0,1
ग्वारातुलु,ग्वातेमाला,0,1
मगातकि,मार्केट,0,1
द्यःथें,धाथें,0,1
व,मधुला,0,1
पंयागु,पिकागु,0,1
दथें,अथेहे,0,1
म्हांह्मी,न्हापांपिं,0,1
काये,भाय्लचं,0,1
कॅयूयागु,कथंयागु,0,1
सिन्हः,चिन्नय्य,0,1
छपे,पेरुया,0,1
नकीपिं,देकिपिं,0,1
ह्यांउवाँउ,ह्यॉउवाॉँउ,0,1
इना,इतालिइ,0,1
दु।,याइ।,0,1
म्वाय्,मयायेगु,0,1
छन्हुया,थनया,0,1
द्यंवनेधुंकल।,वनेधुंकल।,0,1
लताँइ,तयामाला,0,1
यंक,न्हिपं,0,1
त्वंकूगु,त्वने,0,1
तःथी,तःधं,0,1
धो,धलखय्,0,1
ग्व,ग्वलय्,0,1
न्ह्यसुम्ह्याय्नं,न्ह्यसुम्ह्याय्,0,1
इमुचा,मचाबलय्,0,1
च्वया,छ्वयादिल।,0,1
छॅँजःपिसं,छँजःपिं,0,1
कथंयापिं,कथंया,0,1
-,यायगु,0,1
बिसिहुँ।,बिस्युं,0,1
झीगुपिंत,ब्यूपिन्त,0,1
मू,मूंगा,0,1
ध्वंच्वलेचायागु,क्वय्,0,1
चिकिपु,सीकिगु,0,1
ब्वनायंकल,ब्वनायंकल।,0,1
न्ह्यसुम्ह्याय्या,न्ह्यसुम्ह्याय्,0,1
न्यँसेंलि,यासेंलि,0,1
ख्वाँउसे,ख्वाउंसे,0,1
मायूमल,मामं,0,1
केहेँनं,केहेँ,0,1
न्ह्याक्व,न्ह्याक्वहे,0,1
गुरूबा,सुरुवाः,0,1
किमि,किमिति,0,1
बांलात,बांलाइ।,0,1
चितगांय्,निकाय,0,1
कुनय्,कुन्हु,0,1
“छु,धागु,0,1
मत,मुख्य,0,1
चश्बलल्,च्वलय्,0,1
कन्हे,कन्हय्,0,1
फुक्क,फुक्कं,0,1
खां,खःमुलिइ,0,1
जन्त,भन्तेपिन्त,0,1
ज्वाँय्ज्वाँय्,ध्वाँय्,0,1
न्ह्याइपुसे,न्ह्याइपु,0,1
गुरूमां,गुरुमां,0,1
न्हिँन्हिँ,न्हिच्छि,0,1
चायेकादिसँ,चायेकादिल।,0,1
वाॉउसे,वॉउसे,0,1
जये,ज्या,0,1
इलय्,दइबिलय्,0,1
गन्धर्वनागाः,गन्धर्वाणां,0,1
चिग्बःगु,चिग्वःगु,0,1
धयाच्वन,दयाच्वन,0,1
क्वें,थुनाब्यु,0,1
यचुगु,पेचूगु,0,1
सन्म्मानमा,सम्मानयात,0,1
घाः,च्वनिइ,0,1
हारि,ल्यूल्यू,0,1
नकूगुलिं,ख्यलय्,0,1
ब्येक्तयात,ब्यक्तियात,0,1
छथनय्,छथाय्,0,1
म्युनिसिप्यालिटी,म्युनिसिपालिटीइ,0,3
तत्थाय्,सत्ताय्,0,1
नखः,नखःय्,0,1
जीमूतवाहन,जीमूतवाहन्,0,1
न्हाबले,न्ह्याबिलय्,0,1
छि,जििलसिकेमाल,0,1
थुके,थत्थें,0,1
क्वँय्,गोवाय्,0,1
कायेधुन,कायेफु।,0,1
तुकिया,थुकिया,0,1
द्यांच्चय्,वाच्यः,0,1
तुति,तुतिसिल,0,1
माः,दयेमाः,0,1
च्व॑म्ह,च्वंक,0,1
चन्द्रमासया,चन्द्रमासकथंया,0,1
ल्वःमनी,स्वःवन,0,1
थायभु,थाय्यागु,0,1
क्वः,क्वःछित,0,1
महा,महायान,0,1
धोबजि,धौबजि,0,1
न्याये,न्ह्याथेसां,0,1
मुखूस्वां,तकुस्वां,0,1
ब्यायागु,ज्यायायेगु,0,1
च्वयेगु,च्वनेगु,0,1
